ID,学历要求,工作经验,薪资
5771796,硕士,1-3年,10k-20k
5763574,不限,1-3年,28k-30k
5666839,本科,3-5年,10k-20k
5488449,本科,不限,5k-10k
5742124,本科,5-10年,20k-40k
3945445,大专,3-5年,13k-25k
5579043,本科,3-5年,20k-40k
5557634,不限,不限,4k-8k
5448971,本科,5-10年,20k-40k
5151346,本科,3-5年,15k-30k
5391338,本科,3-5年,30k-50k
5529993,本科,3-5年,10k-20k
4983118,本科,1-3年,10k-20k
4044956,本科,1年以下,20k-40k
5380871,本科,3-5年,15k-25k
5380722,本科,1-3年,10k-15k
5534115,本科,1-3年,10k-15k
4996784,本科,3-5年,15k-30k
5688572,本科,1-3年,10k-20k
4385214,本科,3-5年,15k-25k
5500720,本科,3-5年,13k-26k
5319175,本科,1-3年,15k-25k
5294402,本科,3-5年,10k-20k
5501432,本科,3-5年,15k-30k
5529012,本科,3-5年,15k-30k
4224071,本科,3-5年,14k-25k
5399762,本科,3-5年,18k-32k
5591123,本科,5-10年,20k-40k
5390437,本科,3-5年,20k-40k
5620108,本科,3-5年,15k-25k
4584794,本科,3-5年,20k-40k
5579971,本科,3-5年,10k-15k
5708532,本科,1-3年,15k-25k
4535740,本科,5-10年,15k-30k
5451656,不限,不限,2k-4k
2857336,本科,3-5年,20k-30k
5253335,本科,5-10年,15k-30k
5620063,本科,3-5年,15k-25k
5302213,本科,3-5年,15k-30k
5479849,本科,1-3年,9k-18k
3975218,本科,3-5年,12k-24k
5665505,本科,3-5年,15k-30k
4467010,本科,1-3年,8k-15k
5686704,本科,3-5年,10k-20k
5781438,本科,5-10年,10k-20k
5534114,本科,1-3年,8k-12k
5420145,本科,5-10年,25k-40k
5416597,不限,不限,15k-25k
4957675,本科,1-3年,12k-16k
5494730,本科,3-5年,15k-25k
5645517,本科,3-5年,16k-26k
5470396,大专,1-3年,6k-9k
5779714,本科,3-5年,14k-25k
5482652,本科,1-3年,8k-15k
5755366,本科,3-5年,15k-25k
5532121,本科,3-5年,12k-20k
5203537,本科,3-5年,20k-40k
5645002,本科,1-3年,9k-15k
5644738,本科,3-5年,15k-30k
5335113,本科,1-3年,11k-16k
5737577,本科,3-5年,10k-20k
5702781,本科,1年以下,8k-12k
4967590,本科,3-5年,10k-15k
5781109,本科,不限,15k-25k
5406563,硕士,1-3年,15k-30k
5662282,本科,3-5年,20k-40k
5780722,本科,3-5年,15k-30k
5533861,大专,3-5年,10k-15k
5767740,本科,3-5年,12k-20k
5780165,不限,不限,10k-20k
4765174,本科,3-5年,15k-25k
5706091,本科,3-5年,10k-20k
5779914,本科,3-5年,14k-28k
5456635,本科,3-5年,20k-25k
5407651,硕士,不限,10k-20k
5404966,本科,不限,15k-25k
5237655,本科,1-3年,10k-15k
5075030,本科,1-3年,15k-25k
5744502,不限,1-3年,15k-25k
5304999,本科,3-5年,20k-30k
5768068,大专,1-3年,10k-15k
5084959,硕士,1-3年,20k-30k
5537434,本科,3-5年,10k-20k
5545318,本科,3-5年,20k-40k
5704938,本科,1-3年,10k-20k
5084989,本科,1-3年,5k-9k
5719370,本科,不限,12k-24k
5095446,本科,1-3年,8k-15k
5452870,本科,1-3年,10k-15k
5666110,本科,1-3年,8k-14k
5451827,不限,3-5年,15k-30k
5735565,本科,3-5年,10k-15k
5645952,本科,3-5年,20k-40k
5778984,本科,不限,10k-20k
5395014,本科,3-5年,30k-50k
5743333,本科,1-3年,8k-11k
5710523,本科,1-3年,10k-20k
5754075,本科,1-3年,15k-30k
5651644,本科,3-5年,20k-25k
5341243,本科,1-3年,10k-20k
3760775,本科,1-3年,20K-40K
5663951,大专,1-3年,7k-12k
5733842,本科,3-5年,15k-20k
5709378,本科,1-3年,15k-25k
5031061,本科,应届毕业生,10k-20k
5719810,本科,3-5年,20k-40k
4739438,本科,1-3年,8k-15k
5002454,本科,应届毕业生,10k-20k
3803867,本科,1-3年,10k-20k
5374355,本科,1-3年,8k-16k
5587569,本科,1-3年,8k-15k
3406845,本科,3-5年,10k-15k
5364606,本科,1-3年,6k-12k
5644947,大专,1-3年,8k-16k
5533608,本科,3-5年,10k-20k
5518593,本科,1-3年,10k-20k
5246226,本科,1-3年,15k-25k
2382205,本科,1-3年,8k-12k
5776990,本科,3-5年,10k-16k
5770125,本科,3-5年,15k-30k
5031502,本科,应届毕业生,10k-20k
5696787,本科,1-3年,8k-12k
5528843,本科,3-5年,20k-30k
4315150,大专,不限,5k-10k
5165983,本科,1-3年,8k-16k
5570911,本科,3-5年,10k-15k
5134571,本科,1-3年,10k-20k
5726006,不限,3-5年,15k-30k
5521329,大专,1-3年,13k-19k
5523109,本科,不限,8k-15k
5570451,本科,5-10年,10k-15k
5458590,本科,不限,8k-16k
3246596,本科,3-5年,18k-25k
5688563,本科,1-3年,15k-20k
5362409,大专,1-3年,10k-20k
5760257,本科,1-3年,15k-25k
5523143,本科,1-3年,10k-20k
5021443,硕士,1-3年,10k-15k
4568696,本科,3-5年,15k-25k
5730337,本科,不限,13k-20k
5288845,本科,3-5年,10k-20k
5155283,本科,3-5年,25k-40k
5652389,本科,3-5年,15k-25k
5229521,本科,1-3年,7k-14k
5020913,本科,3-5年,10k-20k
5730073,本科,3-5年,18k-35k
2353221,大专,1-3年,4k-8k
5631823,本科,1-3年,8k-15k
5761736,本科,3-5年,5k-9k
5666580,本科,3-5年,10k-15k
5523125,本科,1-3年,10k-20k
5708429,本科,1-3年,9k-18k
5688281,本科,1-3年,10k-15k
3908272,本科,不限,10k-20k
5598817,本科,3-5年,15k-25k
5151976,不限,3-5年,10k-20k
4876862,本科,3-5年,6k-12k
5247557,本科,3-5年,12k-24k
5675462,本科,1-3年,8k-10k
4864988,本科,5-10年,20k-30k
4899093,本科,1-3年,6k-9k
3167494,本科,1-3年,8k-12k
3536483,硕士,不限,10k-20k
5644268,本科,1-3年,15k-25k
5559632,本科,3-5年,15k-20k
5523119,本科,1-3年,10k-20k
5016054,本科,1-3年,8k-15k
5728286,本科,3-5年,15k-20k
5762186,本科,1-3年,15k-25k
5502106,本科,1年以下,8k-15k
5004419,本科,3-5年,20k-30k
5741889,本科,1-3年,10k-20k
5622448,本科,1-3年,10k-15k
5710664,本科,1-3年,12k-18k
5295411,本科,1-3年,8k-16k
5355366,本科,1-3年,15k-30k
5435435,本科,1-3年,13k-25k
5510899,本科,1-3年,13k-18k
5531028,本科,3-5年,11k-20k
5748069,本科,1-3年,9k-15k
5688150,本科,1-3年,10k-15k
5672823,大专,3-5年,14k-20k
3043500,本科,1-3年,5k-7k
2989157,本科,1-3年,15k-30k
5638103,大专,1-3年,10k-15k
5372143,大专,3-5年,6k-10k
4210417,本科,5-10年,25k-50k
5588471,本科,1-3年,15k-30k
5775291,本科,1-3年,15k-20k
5388108,本科,1-3年,15k-20k
5755123,本科,1-3年,10k-20k
5758103,本科,1-3年,8k-15k
5767552,本科,3-5年,12k-20k
5494133,本科,1-3年,8k-15k
5635541,本科,1-3年,10k-15k
5645647,大专,3-5年,10k-20k
5733985,本科,3-5年,12k-20k
2428796,本科,1-3年,8k-15k
5605439,本科,5-10年,25k-50k
4899093,本科,1-3年,6k-9k
4687784,本科,1-3年,15k-25k
5592108,本科,1-3年,10k-15k
5762588,不限,不限,8k-15k
5167551,本科,3-5年,15k-30k
5322545,本科,3-5年,15k-25k
5430691,本科,3-5年,15k-30k
4757428,本科,3-5年,15k-25k
5317918,本科,应届毕业生,10k-20k
5487037,本科,1-3年,10k-20k
5318879,本科,不限,10k-20k
5348406,本科,应届毕业生,10k-20k
4883641,硕士,1-3年,15k-30k
5441147,本科,3-5年,17k-23k
5750986,本科,1-3年,15k-20k
5540455,本科,1-3年,7k-10k
5183495,本科,1-3年,8k-12k
5626631,本科,不限,10k-20k
5102463,本科,3-5年,15k-30k
5601984,不限,1-3年,6k-10k
5634834,本科,1-3年,8k-11k
4426819,大专,3-5年,7k-14k
5037237,本科,1-3年,3k-6k
5742734,本科,1-3年,8k-15k
4734246,硕士,1-3年,10k-20k
5732360,本科,3-5年,15k-30k
4326715,本科,1-3年,15k-30k
5677709,硕士,3-5年,10k-20k
5292839,本科,不限,15k-30k
5645161,本科,3-5年,20k-40k
5701380,硕士,不限,12k-20k
5173528,本科,3-5年,15k-27k
5555963,本科,不限,15k-20k
5774162,本科,应届毕业生,2k-4k
5611151,大专,3-5年,12k-18k
4941276,本科,1年以下,5k-7k
5648547,不限,不限,10k-20k
5385860,本科,1-3年,12k-16k
5746334,本科,1-3年,10k-12k
5703112,本科,1年以下,4k-6k
5507498,本科,3-5年,8k-16k
4326710,本科,1-3年,15k-25k
4735530,本科,1-3年,15k-20k
5565856,本科,1-3年,20k-40k
5774157,本科,应届毕业生,2k-4k
4143575,本科,1-3年,6k-8k
5316172,硕士,3-5年,15k-25k
5771777,大专,1-3年,10k-15k
5524923,不限,不限,6k-10k
4646123,本科,1-3年,8k-15k
5457704,本科,3-5年,10k-20k
5327234,本科,不限,4k-5k
5712371,不限,不限,20k-40k
5571849,本科,3-5年,15k-30k
5673764,本科,1-3年,15k-25k
5580770,本科,1-3年,8k-10k
5498427,本科,1-3年,20k-40k
5524909,本科,3-5年,15k-20k
5453070,本科,1-3年,8k-13k
5758190,本科,1年以下,10k-15k
5750498,本科,3-5年,23k-46k
4112258,本科,1-3年,8k-15k
5645117,本科,3-5年,12k-20k
5754290,本科,3-5年,20k-40k
5491834,不限,1-3年,15k-25k
5609223,本科,3-5年,15k-25k
5555143,本科,1-3年,12k-20k
5598888,本科,3-5年,10k-20k
5460162,本科,1-3年,8k-14k
5523673,本科,3-5年,15k-30k
5583653,本科,3-5年,15k-30k
5389270,本科,1-3年,15k-20k
4574609,本科,3-5年,15k-30k
3462732,本科,1-3年,15k-30k
5493916,硕士,1-3年,12k-24k
5112176,本科,不限,20k-35k
5768884,本科,不限,4k-7k
5438595,本科,3-5年,20k-35k
5622525,本科,1-3年,6k-12k
5210317,本科,3-5年,20k-40k
5767598,本科,3-5年,20k-35k
5760999,本科,1年以下,5k-10k
4465672,本科,1-3年,8k-15k
4619433,本科,3-5年,8k-12k
5501012,本科,3-5年,25k-50k
5533108,本科,3-5年,15k-25k
5683650,本科,3-5年,10k-20k
3403083,硕士,1-3年,15k-30k
5728298,本科,1-3年,10k-14k
4586305,本科,3-5年,10k-18k
5762458,本科,1-3年,10k-20k
5636846,本科,1-3年,8k-15k
4213476,大专,1年以下,5k-6k
4996477,本科,应届毕业生,12k-24k
5483063,本科,不限,15k-30k
5767142,大专,3-5年,15k-25k
4210287,本科,3-5年,13k-20k
5389184,本科,5-10年,15k-20k
5444468,本科,3-5年,20k-40k
4602329,本科,3-5年,13k-25k
5084058,大专,3-5年,10k-20k
5690955,本科,3-5年,10k-20k
5437620,本科,1-3年,7k-10k
5463328,本科,3-5年,18k-30k
5592385,本科,3-5年,15k-30k
5738476,本科,1-3年,13k-20k
4070433,硕士,1-3年,15k-30k
5750230,不限,3-5年,18k-30k
3051126,硕士,应届毕业生,10k-15k
5639311,本科,1-3年,15k-30k
5591643,本科,3-5年,18k-35k
5764461,本科,3-5年,12k-20k
5590768,不限,1-3年,10k-15k
4757404,本科,3-5年,15k-25k
3413899,本科,3-5年,18k-36k
5298966,本科,不限,2k-3k
4756488,本科,3-5年,15k-25k
5249910,本科,5-10年,20k-35k
5710598,本科,3-5年,13k-20k
5614359,本科,1-3年,20k-40k
4527714,本科,3-5年,15k-30k
5760093,本科,3-5年,15k-30k
5096427,大专,1-3年,15k-30k
5699266,大专,不限,4k-8k
5695409,本科,1-3年,10k-15k
5214023,本科,5-10年,35k-65k
5743330,本科,不限,6k-7k
5726171,本科,3-5年,25k-35k
5718599,硕士,不限,5k-7k
5717756,本科,3-5年,15k-25k
5600546,本科,1-3年,6k-12k
5516325,本科,3-5年,15k-30k
5718568,硕士,不限,5k-7k
4894988,本科,5-10年,15k-30k
5756631,本科,3-5年,15k-30k
5455872,本科,1-3年,15k-25k
5695464,本科,1-3年,15k-30k
5512268,本科,3-5年,15k-25k
5677068,本科,1-3年,10k-20k
5298474,本科,1-3年,7k-14k
5659010,本科,3-5年,15k-30k
5753931,本科,3-5年,15k-25k
4309857,本科,3-5年,15k-25k
5695409,本科,1-3年,10k-15k
5778856,本科,不限,11k-22k
5461364,本科,5-10年,20k-30k
5659402,本科,3-5年,12k-24k
5364140,本科,3-5年,8k-15k
5613503,本科,不限,6k-8k
5775875,本科,3-5年,10k-20k
5145791,本科,3-5年,13k-26k
4409025,本科,3-5年,10k-15k
5390760,本科,1-3年,6k-10k
5371833,本科,3-5年,20k-25k
5497405,本科,1-3年,8k-15k
5545140,本科,1-3年,15k-25k
5067015,硕士,1-3年,20k-40k
4341361,本科,1-3年,10k-20k
5265178,本科,3-5年,7k-12k
5757287,本科,1-3年,8k-15k
4916502,本科,1-3年,10k-15k
5729645,本科,3-5年,8k-15k
5756488,本科,5-10年,20k-40k
5295913,本科,不限,7k-14k
5440507,本科,1-3年,8k-15k
5639625,本科,1-3年,10k-20k
5765350,本科,1-3年,15k-18k
5744068,本科,3-5年,25k-50k
4362816,本科,3-5年,20k-30k
5435186,不限,5-10年,25k-50k
5482819,本科,3-5年,20k-40k
4928064,本科,5-10年,20k-40k
5673904,本科,3-5年,15k-25k
5537311,本科,3-5年,15k-25k
5768516,本科,1-3年,13k-20k
5762565,本科,3-5年,15k-25k
5440536,本科,1年以下,4k-8k
5551865,本科,1-3年,10k-20k
2783123,本科,1-3年,15k-30k
5651970,不限,不限,15k-30k
5728017,本科,3-5年,15k-30k
5468143,大专,3-5年,15k-25k
5435764,本科,3-5年,20k-30k
5338478,本科,3-5年,15k-25k
5115494,本科,3-5年,15k-25k
5753844,本科,5-10年,20k-40k
5403705,本科,应届毕业生,2k-3k
5727675,本科,3-5年,18k-30k
5689676,本科,3-5年,20k-35k
5710895,本科,3-5年,15k-30k
5349225,本科,3-5年,25k-50k
5280822,本科,不限,2k-3k
5624879,本科,3-5年,10k-20k
5599070,本科,3-5年,25k-35k
5757244,本科,5-10年,14k-18k
5482800,本科,1-3年,20k-40k
5777273,本科,5-10年,20k-40k
5760182,本科,3-5年,15k-25k
5754130,本科,3-5年,15k-30k
4216714,本科,不限,10k-20k
4722766,本科,3-5年,20k-30k
5016213,本科,3-5年,10k-20k
5771866,不限,不限,25k-50k
5714853,硕士,3-5年,18k-25k
5372735,本科,3-5年,15k-30k
5664436,硕士,3-5年,15k-25k
4948922,本科,不限,2k-4k
5719785,本科,5-10年,15k-25k
5737120,本科,5-10年,40k-60k
5714927,硕士,3-5年,18k-25k
5417622,本科,1-3年,10k-20k
5391807,本科,5-10年,25k-45k
5742627,本科,5-10年,15k-25k
5681492,本科,5-10年,15k-25k
5628908,本科,5-10年,20k-25k
5693179,本科,5-10年,15k-25k
5710105,本科,3-5年,18k-25k
5778864,本科,3-5年,19k-25k
4527223,本科,3-5年,15k-30k
5773235,本科,3-5年,25k-35k
5749515,本科,不限,5k-8k
